item_name,item_brand,item_price,item_description,item_id,item_materials
Darn Tough   Bear Town Micro Crew Socks - Women's,Darn Tough,25.0,"Lightly cushioned hiking socks with all the anti-funk qualities of merino wool, the women's Darn Tough Bear Town Micro Crew socks give you freedom and flex to hike your way up any trail.",#159260,54% nylon/43% merino wool/3% lycra spandex
Royal Robbins   Westlands Relaxed Pullover - Women's,Royal Robbins,82.73,"Spend the cooler months in this cozy Royal Robbins sweater. It's made with a warm blend of merino wool and recycled polyester. And it features a colorful, allover Fair Isle pattern.",#255834,60% merino wool/40% recycled polyester
The North Face   L/S Lightrange Shirt - Women's,The North Face,46.83,"Designed for hiking, the women's The North Face L/S LIGHTRANGE shirt offers UPF protection, anti-odor technology and moisture management so you can stay comfortable when you're on the move.",#243580,main body: 100 g/m2 82% recycled polyester/18% polyester; lower back panel and chest overlays: 94 g/m2 76% recycled polyester/24% polyester; lining: 50 g/m2 100% recycled polyester
Woolrich   Merino Wool Hiking Crew Socks - Men's,Woolrich,17.73,"Ideal for year-round hiking, these Woolrich merino wool hiking socks wick moisture, provide arch support and offer shin protection with targeted cushioning.",#229499,79% merino wool/20% nylon/1% lycra spandex
REI Co-op   Sahara Stretch Convertible Pants - Women's,REI Co-op,49.83,"Inspired by our iconic hiking pants—but designed with extra stretch and a slimmer leg—the women's REI Co-op Sahara Stretch Convertible pants repel water, dry fast and zip off into shorts as needed.",#242644,88% nylon/12% spandex (bluesign approved)
REI Co-op   Merino Wool Lightweight Hiking Quarter Socks,REI Co-op,16.95,"Bare a little more skin for a little cooler hike with the REI Co-op Merino Wool Lightweight hiking quarter socks. Naturally breathable, moisture-wicking and odor-resistant, they cushion every step.",#165399,78% merino wool/21% nylon/1% lycra spandex
Icebreaker   Hike Medium Crew Socks - Women's,Icebreaker,17.73,"Durable, medium-cushioned, crew-height merino wool socks, the women's Icebreaker Hike Medium crew socks supply cushion and ample breathability for warm-weather day hikes and backpacking trips.",#183314,60% wool/37% nylon/3% lycra spandex
REI Co-op   Active Pursuits Long-Sleeve T-Shirt - Men's,REI Co-op,34.95,"Reach for the REI Co-op men's Active Pursuits long-sleeve T-shirt day after day as a wicking, drying, sun-protective layer for your next adventure out. It has a soft feel and plenty of stretch.",#221918,92% polyester/8% spandex (bluesign®-approved)
REI Co-op   Sahara Shade Hoodie - Women's,REI Co-op,49.95,"This REI Co-op sun shirt is great for days spent on the trails or water. Its stretchy, technical knit wicks moisture and provides UPF 50+ sun protection. Pull up the hood for extra coverage.",#184879,92% polyester/8% spandex (bluesign approved)
Darn Tough   Close Encounters Micro Crew Midweight Hiking Socks - Men's,Darn Tough,26.0,"Made with climate-regulating merino wool for all-day comfort on the trails, the men's Darn Tough Close Encounters Micro Crew Midweight hiking socks feature a fun scene with a nod to the supernatural.",#221981,58% merino wool/39% nylon/3% lycra spandex
Darn Tough   Light Hiker Micro Crew Socks - Men's,Darn Tough,25.0,"These redesigned men's Darn Tough Light Hiker Micro Crew socks feature increased breathability with mesh panels, smooth ribbing, uppers that stay put and extended cushioning over the Achilles tendons.",#154491,54% nylon/43% merino wool/3% lycra spandex
The North Face   Field Pants - Women's,The North Face,69.73,"Made for everyday wear, these pants from The North Face easily go from hikes to hangouts. Their cotton/elastane construction adds extra stretch for all-day comfort.",#C02045,300 g/m2 98% cotton/2% elastane twill
REI Co-op   Sahara Convertible Pants - Men's,REI Co-op,89.95,"These REI convertible pants are ideal for long days and changing weather. Side zippers switch them into shorts while your shoes stay on. Plus, the breathable UPF 50+ fabric shields you from the sun.",#236065,96% recycled nylon/4% spandex (bluesign approved)
Icebreaker   Hike Medium Crew Socks - Men's,Icebreaker,17.73,"Durable, medium-cushioned, crew-height merino wool socks, these Icebreaker Hike Medium crew socks for men deliver cushioning and ample breathability for warm-weather day hikes and backpacking trips.",#183235,60% wool/37% nylon/3% lycra spandex
Darn Tough   Sunset Ridge Micro Crew Lightweight Hiking Socks - Men's,Darn Tough,25.0,Take photo-op views wherever your go with the men's Darn Tough Sunset Ridge Micro Crew lightweight hiking socks. They have cushioning in all the right places and are knit for heavy mileage.,#196779,52% nylon/45% merino wool/3% lycra spandex
REI Co-op   Trailmade Pants - Women's,REI Co-op,69.95,"Get out hiking and explore new terrain in these REI Co-op pants. They repel water, dry fast and provide UPF 50+ sun protection, plus they have plenty of pockets for your phone and snacks.",#235802,94% nylon/6% spandex (bluesign approved)
REI Co-op   Trailmade Pants - Men's,REI Co-op,69.95,"Get out hiking and explore new terrain in these REI Co-op pants. They repel water, dry fast and provide UPF 50+ sun protection, plus they have plenty of pockets for your phone and snacks.",#236137,96% nylon/4% spandex (bluesign approved)
The North Face   Basin Pants - Men's,The North Face,49.83,"Equipped with articulated knees, plenty of stretch and FlashDry™ moisture-managing technology, the men's The North Face Basin pants have all the makings of your next go-to hiking pants.",#235663,142 g 94% recycled nylon/6% elastane plain weave with flashdry and non-pfc durable water repellent (dwr) finish
Darn Tough   Hiker Micro Crew Cushion Socks - Men's,Darn Tough,26.0,"Tested on the Vermont Long Trail, these Darn Tough socks provide a high level of cushioned performance. Made with merino wool, they're comfortable and durable.",#825037,61% merino wool/36% nylon/3% lycra spandex
Arc'teryx   Cerium Down Hoody - Men's,Arc'teryx,400.0,"Updated with a refined design and sustainable materials, the men's Arc'teryx Cerium Down Hoody has an exceptional warmth-to-weight ratio for winter climbing, backcountry touring and resting at camp.",#222520,arato 15 recycled dope-dyed nylon
Darn Tough   Hiker Micro Crew Cushion Socks - Women's,Darn Tough,26.0,"Tested on the Vermont Long Trail, these Darn Tough socks provide a high level of cushioned performance. Made with merino wool, they're comfortable and durable.",#825041,59% merino wool/39% nylon/2% lycra spandex
REI Co-op   Merino Wool Expedition Hiking Crew Socks,REI Co-op,22.95,"Hike cold, snowy trails with confidence in the REI Co-op Expedition Merino Hiking crew socks. Their thick cushioning keeps feet warm and the wool blend is naturally breathable and odor-resistant.",#165393,79% merino wool/20% nylon/1% lycra spandex
REI Co-op   Sahara T-Shirt - Men's,REI Co-op,25.93,"We've remade one of our favorite hiking staples with partially recycled fabric. Designed for the trail, the men's REI Co-op Sahara T-shirt stretches, wicks sweat and shades you from the day's rays.",#228372,55% polyester/37% recycled polyester/8% spandex (bluesign approved)
REI Co-op   Merino Wool Midweight Hiking Crew Socks,REI Co-op,19.95,"With allover cushioning, the REI Co-op Merino Wool Midweight hiking crew socks add a bit of warmth for cooler hikes—but they're still naturally breathable, moisture-wicking and odor-resistant.",#165403,81% merino wool/18% nylon/1% lycra spandex
Free Country   Trail 2 Town Tights - Women's,Free Country,39.73,Go from dirt to sidewalk and anywhere in between in the women's Free Country Trail 2 Town Tights. They have a water-repellent finish and UPF sun protection to shield you from the elements.,#253534,88% polyster/12% spandex
Marmot   AirExchange UPF 50 High-Neck Tank Top - Women's,Marmot,33.73,"This backpacking tank top wicks sweat and keeps the rays at bay for quick-drying, breathable comfort. UPF 50 helps block out the sun. This Marmot tank has a pack- and harness-friendly side-zip pocket.",#C04775,100% recycled polyester mesh
REI Co-op   650 Down Jacket - Men's,REI Co-op,129.0,"Bundle up for chilly walks, crisp air and crunchy leaves in the REI Co-op men's 650 Down jacket. This everyday jacket boasts recycled materials to help you feel good in more ways than one.",#221639,recycled ripstop nylon (bluesign approved)
REI Co-op   Sahara Bucket Hat,REI Co-op,42.95,"Whether you're in the Sahara desert or a more moderate climate, it's good to have some shade. The REI Co-op Sahara bucket hat is a classic packable sun hat with a subtle venting system.",#188551,100% polyester (bluesign approved); polyester mesh (bluesign approved)
Mountain Hardwear   Basin Trek Pants - Men's,Mountain Hardwear,63.73,An afternoon loop or a rugged week under heavy loads—the men's Mountain Hardwear Basin Trek pants handles your hikes with durability and articulation for mobility and comfort on the move.,#247179,94% nylon/6% elastane stretch-woven plain weave
REI Co-op   Merino Wool Lightweight Hiking Crew Socks,REI Co-op,18.95,"The REI Co-op Merino Wool Lightweight hiking crew socks are our most popular summer-weight hiking socks for good reason—they're naturally breathable, sweat wicking, quick-drying and odor-resistant.",#165398,79% merino wool/20% nylon/1% lycra spandex
Woolrich   Big Woolly Mid-Calf Socks,Woolrich,18.73,"Warm, heavyweight merino wool socks, these Woolrich Big Woolly socks offer cozy warmth and hit mid-calf, making them ideal for wearing with your hiking and winter boots in cold weather.",#207651,68% merino wool/31% stretch nylon/1% lycra spandex
REI Co-op   COOLMAX EcoMade Midweight Hiking Crew Socks,REI Co-op,17.95,"Hit the trail dressed for comfort in the REI Co-op COOLMAX EcoMade Midweight hiking crew socks. They're cushioned, breathable, absorbent and made using yarn from recycled water bottles.",#165388,80% coolmax ecomade polyester/19% nylon/1% spandex
REI Co-op   Sahara Long-Sleeve Solid Shirt - Women's,REI Co-op,16.83,"Our iconic hiking shirt, the women's REI Co-op Sahara Long-Sleeve Solid shirt is a durable button-front with roll-up sleeves and a vented back yoke panel to keep you cool during hot days on the trail.",#234474,94% nylon/6% spandex (bluesign approved); mesh panels: recycled polyester (bluesign approved)
REI Co-op   Sahara Long-Sleeve T-Shirt - Men's,REI Co-op,27.93,"We remade one of our favorite hiking staples with partially recycled fabric. Designed for the trail, the men's REI Co-op Sahara long-sleeve stretches, wicks sweat and shades you from the day's rays.",#228373,55% polyester/37% recycled polyester/8% spandex (bluesign approved)
REI Co-op   COOLMAX EcoMade Lightweight Hiking Crew Socks,REI Co-op,17.95,"Designed to keep feet happy on the trail, REI Co-op COOLMAX EcoMade Light hiking crew socks wick sweat and breathe to help your feet keep their cool.",#165384,77% coolmax ecomade polyester/22% nylon/1% spandex
REI Co-op   Active Pursuits T-Shirt - Men's,REI Co-op,29.95,"The uphill battle is part of the fun of hiking and trail running. Get your mind open and body prepped for the work with the wicking, quick-drying REI Co-op Active Pursuits men's T-shirt.",#228505,92% polyester/8% spandex (bluesign approved)
REI Co-op   Sahara Shade Long-Sleeve T-Shirt - Women's,REI Co-op,39.95,"Day hikes, backpacking trips or days spent on the water—the women's REI Co-op Sahara Shade long-sleeve T-shirt provides comfort under the sun with our beloved Sahara Shade UPF 50+ performance fabric.",#242891,92% polyester/8% spandex (bluesign approved)
Smartwool   Hike Classic Edition Full Cushion Solid Crew Socks,Smartwool,17.73,Make sure your feet feel great through all your hiking adventures. Smartwool Hike Classic Edition Full Cushion Solid Crew socks use elasticized arch braces to secure the fit for all-day comfort.,#238175,67% merino wool/20% recycled nylon/11% nylon/1% elastane/1% polyester
Smartwool   Hike Light Cushion Hoo Who Crew Socks - Women's,Smartwool,18.73,Gear up for a great hike with these Smartwool crew socks. Light cushioning along the bottom of the foot provides just the right amount of padding. Comfort welts make sure they stay put in your boots.,#C02341,57% merino wool/41% nylon/2% elastane
REI Co-op   Merino Wool Ultralight Crew Hiking Socks - Seconds - 2 Pairs,REI Co-op,25.73,"Walk in comfort with this 2-pack of REI Co-op Merino Wool Ultralight Crew Hiking Socks. Cushioned only in critical areas, they naturally breathe, wick moisture and resist odors.",#254471,72% merino wool/26% nylon/2% lycra spandex
Darn Tough   Light Hiker Quarter Lightweight Hiking Socks - Women's,Darn Tough,22.0,"Boasting smooth cuffs, a comfy fit and lightweight functionality, the women's Darn Tough Light Hiker Quarter Lightweight hiking socks are ready for both quick day hikes and multiday treks.",#186442,52% nylon/44% merino wool/4% lycra spandex
Darn Tough   Hiker Boot Sock Cushion Socks - Men's,Darn Tough,28.0,"With cushioning for the perfect amount of support and a smooth fit with no slipping, bunching, or blisters, the Darn Tough Hiker Boot Sock Cushion socks have earned a place in the hearts of hikers.",#887221,64% merino wool/33% nylon/3% lycra spandex
REI Co-op   650 Down Jacket - Women's,REI Co-op,129.0,"Bundle up for chilly walks, crisp air and crunchy leaves in the REI Co-op women's 650 Down jacket. This everyday jacket boasts recycled materials to help you feel good in more ways than one.",#221539,recycled ripstop nylon (bluesign approved)
Icebreaker   Hike Cool-Lite 3/4 Crew Socks - Women's,Icebreaker,18.73,"Soft, durable and breathable, these 3/4-length Icebreaker crew socks are built for hiking in warm weather. They're ultralight and made with a merino wool blend.",#248337,41% nylon/28% merino wool/28% tencel/3% lycra spandex
REI Co-op   Sahara T-Shirt - Women's,REI Co-op,23.93,"We've remade one of our favorite hiking staples with partially recycled fabric. Designed for the trail, the women's REI Co-op Sahara T-shirt stretches, wicks sweat and shades you from the day's rays.",#227662,55% polyester/37% recycled polyester/8% spandex (bluesign approved)
REI Co-op   Sahara Shade Hoodie - Men's,REI Co-op,49.95,"This REI Co-op sun shirt is great for days spent on the trails or water. Its stretchy, technical knit wicks moisture and provides UPF 50+ sun protection. Pull up the hood for extra coverage.",#185196,92% polyester/8% spandex (bluesign approved)
REI Co-op   Sahara Stretch Convertible Pants - Men's,REI Co-op,49.83,"Inspired by our iconic hiking pants—but designed with extra stretch and a slimmer leg—the men's REI Co-op Sahara Stretch Convertible pants repel water, dry fast and zip off into shorts as needed.",#242911,88% nylon/12% spandex (bluesign approved)
Darn Tough   Critter Club Lightweight Micro Crew Socks - Women's,Darn Tough,25.0,"Lightly cushioned hiking socks with all the anti-funk qualities of merino wool, the women's Darn Tough Critter Club Lightweight Micro Crew socks give you freedom and flex to hike up any trail.",#205962,54% nylon/43% merino wool/3% lycra spandex
REI Co-op   Trailmade Fleece Jacket - Women's,REI Co-op,59.95,The camp-friendly REI Co-op Trailmade women's fleece jacket keeps you toasty on cold days and cozy beneath your shell jacket. This grab-and-go for warmth is made with 100% recycled polyester.,#217359,recycled polyester fleece
Farm to Feet   Pinnacle Light Cushion Socks,Farm to Feet,14.73,"From the peak to the pub, Farm to Feet Pinnacle socks will keep your feet comfortable. They have light cushioning in the soles.",#C01533,72% u.s. merino wool/26% u.s. nylon/2% u.s. lycra spandex
Icebreaker   Hike+ Liner Crew Socks - Women's,Icebreaker,14.73,Pair these ultralight Icebreaker liners with heavier socks. Or wear them alone in hot conditions. The stretchy merino wool blend is breathable and odor-resistant.,#C05915,59% merino wool/38% nylon/3% elastane
REI Co-op   650 Down Vest - Women's,REI Co-op,49.83,Layer up for chilly walks through crisp air and crunchy leaves in the REI Co-op women's 650 Down vest. This everyday vest boasts warmth and recycled materials.,#221540,recycled ripstop nylon (bluesign approved)
REI Co-op   Merino Wool Liner Crew Socks,REI Co-op,15.95,"Wear 'em under your hiking socks to reduce friction on multiday trips, or wear 'em alone for summer day hikes. The REI Co-op Merino Wool liner socks put a layer of comfort between you and the trail.",#165397,64% merino wool/34% nylon/2% spandex
Outdoor Research   Ferrosi Pants - Women's,Outdoor Research,99.0,"Updated with new fabric and improved stretch and recovery, the classic Outdoor Research Ferrosi women's pants are performance-ready for crag days and multiday epics.",#204093,90-denier stretch-woven ripstop 86% nylon (46% recycled)/14% spandex (bluesign®-approved)
Smartwool   Performance Hike Full Cushion Crew Socks - Men's,Smartwool,27.0,"Gear up to go far in the men's Smartwool Performance Hike Full Cushion Crew socks, packed with fan-favorite sock technologies and thoughtful updates to provide long-lasting comfort and warmth.",#189312,56% merino wool/31% recycled nylon/11% nylon/2% elastane
Darn Tough   Light Hiker Quarter Lightweight Hiking Socks - Men's,Darn Tough,22.0,"Sitting at a just-right height, the men's Darn Tough Light Hiker Quarter Lightweight hiking socks boast smooth cuffs, a comfy fit and lightweight functionality for quick day hikes and multiday treks.",#186359,52% nylon/44% merino wool/4% lycra spandex
The North Face   Never Stop Wearing Pants - Women's,The North Face,62.73,"As the name suggests, the women's Never Stop Wearing pants from The North Face will quickly become your go-to exploration pants thanks to the FlashDry™ fabrics and a 13% elastane construction.",#254024,75-denier x 40-denier 123 g/m2 87% recycled polyester/13% elastane with flashdry and non-pfc durable water repellent (dwr) finish
The North Face   Boreas Half-Zip Top - Women's,The North Face,62.93,Experience warmth and easy motion with this women's top from The North Face. Its grid-fleece panels allow breathability to boost comfort. They reduce bulk and add colorful contrast.,#248438,body: 100% polyester knit; side panels: 96% polyester/4% elastane
Patagonia   Capilene Cool Daily Graphic T-Shirt - Women's,Patagonia,37.93,"The women's Patagonia Capilene Cool Daily Graphic T-shirt offers versatile performance and comfort for whatever you've got planned, thanks to soft, quick-drying and stretchy construction.",#144064,solids: 3.7 oz. recycled polyester jersey; heathers and cross-dyes: 4.1 oz. polyester (50% recycled) jersey
Columbia   Silver Ridge Utility Shirt - Women's,Columbia,12.83,"Designed for treks, travel and casual wear, this women's Columbia Silver Ridge Utility shirt wicks away sweat and provides UPF 50 sun protection to keep you moving in the outdoors.",#217922,recycled polyester
REI Co-op   Activator Soft-Shell Hoodie - Men's,REI Co-op,99.93,"Need weather protection during high-exertion adventures? The men's REI Co-op Activator soft-shell hoodie breathes exceptionally well—ideal for hiking, backpacking, climbing or cross-country skiing.",#248973,63% nylon/26% polyester/11% spandex (bluesign approved)
KUHL   Freeflex Roll-Up Pants - Women's,KUHL,109.0,"Converting from pants to capris in a jiffy, the women's KUHL Freeflex Roll-Up pants feature plentiful stretch, sun protection and sweat-wicking performance.",#228735,152 g 50% polyester/50% new polyester
REI Co-op   Trailmade Shorts - Women's,REI Co-op,34.93,"Perfect for warm and sunny hikes, the women's REI Co-op Trailmade shorts breathe well and dry fast, thanks to water-repellent stretch nylon. 6 pockets keep all your essentials handy.",#242645,94% nylon/6% spandex (bluesign approved)
Marmot   AirExchange UPF 50 Quarter-Zip Top - Women's,Marmot,52.73,"This backpacking quarter zip wicks sweat and keeps the rays at bay for quick-dry, breathable comfort. UPF 50 helps block out the sun. This Marmot top has a pack- and harness-friendly side-zip pocket.",#C04774,100% recycled polyester mesh
Mountain Hardwear   Basswood Pull-On Pants - Women's,Mountain Hardwear,58.73,"From multiday backcountry trips to afternoons at the crag, the women's Mountain Hardwear Basswood Pull On pants are durable and stretchy with a just-right fit—not too tight or baggy.",#247177,90% nylon/10% elastane bistretch twill
KUHL   Free Radikl Pants - Men's,KUHL,109.0,"Combining the comfort of your favorite sweatpants with high-tech, trail-tough performance, the men's KUHL Free Radikl tapered pants are lightweight yet durable and ready for adventure.",#228167,"main body: 68% cotton/29% nylon/3% spandex (176 g); stretch panels: 87% nylon, 13% spandex (295 g)"
Free Country   Get Out There Pants - Women's,Free Country,49.73,"Great for hikes when there's a bit of a chill to the air, the women's Free Country Get Out There pants have a cozy fleece lining for added warmth and a water-resistant exterior to help keep you dry.",#245727,90% polyester/10% spandex
Vuori   Miles Ankle Pants - Women's,Vuori,108.0,"Stay comfy and ready for anything with the women's Vuori Miles Ankle pants. Great for yoga, hiking and chilling, they're made with eco-conscious recycled fabric that can stretch as far as you can.",#175148,79% recycled nylon/21% elastane
REI Co-op   Active Pursuits Long-Sleeve T-Shirt - Women's,REI Co-op,34.95,"Reach for the REI Co-op women's Active Pursuits long-sleeve T-shirt day after day as a wicking, drying, sun-protective layer for your next adventure out. It has a soft feel and plenty of stretch.",#222369,92% polyester/8% spandex (bluesign®-approved)
REI Co-op   COOLMAX EcoMade Lightweight Hiking Quarter Socks,REI Co-op,15.95,"Made for warm days on the trail, the rugged REI Co-op COOLMAX EcoMade Lightweight hiking quarter socks are breathable and moisture-wicking to keep feet drier.",#165385,77% coolmax ecomade polyester/22% nylon/1% spandex
REI Co-op   Trailmade Rain Pants - Women's,REI Co-op,69.95,"Waterproof, breathable and constructed to freely move with you, the lightweight REI Co-op Trailmade women's rain pants let you sneak out to recharge on the trail, even when rain clouds are gathering.",#234704,100% polyester (bluesign approved)
Outdoor Research   Aspire 3L Jacket - Women's,Outdoor Research,123.83,Perfect for wet weekend adventures—like hiking or cycling in the rain—the women's Outdoor Research Aspire 3L Jacket is engineered for dependable wet-weather protection and performance.,#235759,ascentshell dry 3l: 100% recycled 40-denier nylon with mechanical stretch (bluesign approved)
REI Co-op   Trailmade Joggers - Men's,REI Co-op,69.95,"These joggers take on any rocky adventure—with water repellency, nylon/spandex for stretch and room to stow essentials, the men's REI Co-op Trailmade joggers are ready for camp and beyond.",#236138,96% nylon/4% spandex (bluesign approved)
REI Co-op   Active Pursuits Long-Sleeve Quarter-Zip Pullover - Men's,REI Co-op,49.95,"Always ready for go-time, the quick-to-wick-and-dry men's REI Co-op Active Pursuits quarter-zip pullover offers sun protection in a soft, stretchy fabric for your outdoor workouts or light trail duty.",#234886,92% polyester/8% spandex (bluesign approved)
REI Co-op   Activator Pants - Men's,REI Co-op,99.95,What's your perfect pair of trail pants? Wind-resistant and water-repellent? Breathable and stretchy? Plenty of secure pockets? That's the men's REI Co-op Activator soft-shell pants!,#234906,63% nylon/26% polyester/11% spandex (bluesign approved)
Icebreaker   Multisport Light Mini Socks - Men's,Icebreaker,14.73,"Designed for runs, bike rides, hikes and more, the men's Icebreaker Multisport Light Mini socks offer durable, moisture-wicking performance no matter your passion.",#183303,60% wool/37% nylon/3% lycra spandex
REI Co-op   Trailmade Insulated Hoodie - Men's,REI Co-op,99.95,"Built to get you out hiking even when the temp drops, the men's REI Co-op Trailmade insulated hoodie has 80 g synthetic insulation for 3-season warmth—and it layers perfectly under your rain shell.",#236196,recycled polyester taffeta (bluesign approved)
Smartwool   Performance Hike Light Cushion Crew Socks - Women's,Smartwool,25.0,"Take care of your feet in the women's Smartwool Performance Hike Light Cushion Crew socks, packed with fan-favorite sock technologies and thoughtful updates to provide all-day comfort.",#189319,56% merino wool/31% recycled nylon/11% nylon/2% elastane
Smartwool   Performance Hike Targeted Cushion Mid Crew Socks - Men's,Smartwool,23.0,"With precise cushioning where you need it most and breathable mesh zones for all-day comfort, the men's Smartwool Performance Hike Targeted Cushion Mid Crew socks help ensure every mile feels good.",#243854,54% merino wool/43% nylon/3% elastane
REI Co-op   Trailmade Rain Pants - Men's,REI Co-op,69.95,"Waterproof, breathable and constructed to freely move with you, the lightweight REI Co-op Trailmade men's rain pants let you sneak out to recharge on the trail, even when rain clouds are gathering.",#235245,100% polyester (bluesign approved)
Smartwool   Performance Hike Targeted Cushion Mid Crew Socks - Women's,Smartwool,23.0,"With precise cushioning where you need it most and a women-specific fit for all-day comfort, these Smartwool Performance Hike Targeted Cushion Mid Crew socks help ensure every mile hiked feels good.",#243862,54% merino wool/43% nylon/3% elastane
Smartwool   Performance Hike Targeted Cushion Ankle Socks - Women's,Smartwool,21.0,"Support your feet through all types of terrain in the women's Smartwool Performance Hike Targeted Cushion ankle socks. Breathable, durable and comfortable, they'll keep your feet happy on the trails.",#237052,54% merino wool/37% recycled nylon/6% nylon/3% elastane
REI Co-op   Polartec Wind Pro Fleece Gloves 2.0,REI Co-op,44.95,"Durable weather protection on the outside and cozy fleece on the inside—that's what makes up the REI Co-op Wind Pro fleece gloves, ideal for skiing, snowshoeing and working hard in the snow.",#194828,90% polyester/10% spandex; synthetic suede
Arc'teryx   Atom Insulated Hoody - Women's,Arc'teryx,300.0,"Meet the solution to your ""which jacket should I wear?"" problem: the women's Arc'teryx Atom Insulated Hoody. Wear it solo for chilly hikes with windy summits or as a mid layer for winter touring.",#243332,"20-denier x 20-denier ripstop nylon with durable water repellent (dwr), 45 g/m2"
REI Co-op   Norseland Merino Wool Crew Socks - 2 Pairs,REI Co-op,32.95,"Who said socks aren't good gifts? They clearly haven't met the allover cushion, soft merino wool and fun prints of this 2-pack of REI Co-op Norseland merino wool crew socks.",#193984,38-40% merino wool/30-33% polyester/26-30% nylon/1-2% lycra spandex (varies slightly by colorway)
Marmot   Rocklin Full-Zip Fleece Jacket - Men's,Marmot,59.73,"Always ready for a road trip or visit to the local crag, this Marmot lightweight fleece is warm and easy to wear. Layer it under a shell on cold days or wear it on its own for casual days on the town.",#C04797,100% postconsumer recycled polyester fleece
REI Co-op   Trailmade Fleece Jacket - Men's,REI Co-op,59.95,"Camp-friendly and fit for movement, the REI Co-op Trailmade men's fleece jacket is great as a standalone on cold days or under a shell when it's coming down—and it's made with 100% recycled polyester!",#216851,recycled polyester fleece
KUHL   Renegade Recon Pants - Men's,KUHL,99.0,"Head outside in comfort in these stretchy, soft-shell hiking pants from KUHL. Their UPF 50+ fabric is also water-resistant and quick-drying. Plus, they feature tapered cuffs and tons of pockets.",#228168,170 g duralux (95% nylon/5% spandex)
Arc'teryx   Atom Insulated Hoody - Men's,Arc'teryx,300.0,"Meet the solution to your ""which jacket should I wear?"" problem: the men's Arc'teryx Atom Insulated Hoody. Wear it solo for chilly hikes with windy summits or as a mid layer for winter touring.",#243175,"20-denier x 20-denier ripstop nylon with durable water repellent (dwr), 45 g/m2"
The North Face   Aphrodite 2.0 Pants - Women's,The North Face,80.0,"With a little stretch and cinchable drawcords to keep your fit in check, the women's Aphrodite 2.0 pants from the The North Face are your next go-anywhere, do-anything hiking pants.",#236110,body: 90d x 70d 123 g/m2 56% nylon/37% recycled nylon/7% elastane herringbone woven with flashdry and non-pfc dwr finish; 2x2 rib knit waistband: 50d 257 g/m2 94% recycled polyester/6% elastane
REI Co-op   COOLMAX EcoMade Liner Crew Socks,REI Co-op,11.95,"Wear them under your hiking socks as a barrier against chafing, or wear them alone on hot day hikes. The REI Co-op COOLMAX EcoMade liner socks are moisture-wicking, breathable and durable.",#165110,50% coolmax ecomade polyester/49% nylon/1% spandex
Smartwool   Performance Hike Targeted Cushion Ankle Socks - Men's,Smartwool,21.0,"Support your feet through all types of terrain in the men's Smartwool Performance Hike Targeted Cushion ankle socks. Breathable, durable and comfortable, they'll keep your feet happy on the trails.",#237033,55% merino wool/36% recycled nylon/6% nylon/3% elastane
Darn Tough   Hiker Boot Full-Cushion Socks - Men's,Darn Tough,30.0,"From the Pacific Crest Trail to the Appalachian Trail, Darn Tough Hiker Boot full-cushion men's hiking socks absorb the rigors of the singletrack.",#114126,66% merino wool/32% nylon/2% lycra spandex
prAna   Stretch Zion Standard Pants - Men's,prAna,98.0,"From the office to the outdoors, the versatile men's prAna Stretch Zion Standard pants can take you through the day in Stretch Zion™ fabric, giving you the ideal mix of durability and comfort.",#243784,95% recycled nylon/5% elastane
Smartwool   Performance Hike Light Cushion Crew Socks - Men's,Smartwool,25.0,"Hike on and on ... and on, thanks to the all-day comfort and durability of the men's Smartwool Performance Hike Light Cushion crew socks. They're packed with fan-favorite tech to keep your feet happy.",#189299,56% merino wool/13% nylon/28% recycled nylon/3% elastane
Smartwool   Hike Classic Edition Full Cushion Second Cut Crew Socks,Smartwool,23.0,"An iconic pair, these Smartwool merino socks were reimagined to reduce waste and enhance durability and comfort. They're made to feel good on trail days.",#243856,39% merino wool/33% unknown fiber content mixed fibers/27% nylon/1% elastane
Injinji   Liner Crew Socks,Injinji,12.0,"Wear these light and breathable liner socks under thicker outer socks as a first line of defense against moisture and blisters, or wear them alone as your go-to socks for everyday adventures.",#881305,75% coolmax ecomade polyester / 21% nylon / 4% lycra spandex
REI Co-op Activator Pants - Women's,REI Co-op ,99.95,What's your perfect pair of trail pants? Wind-resistant and water-repellent? Breathable and stretchy? Plenty of secure pockets? That's the women's REI Co-op Activator soft-shell pants!,#234695,63% nylon/26% polyester/11% spandex (bluesign approved)
Cotopaxi   Tech 5-Panel Hat,Cotopaxi,35.0,"With side-panel air grommets and an adjustable, nylon strap with clip closure for easy adjustability, the Cotopaxi Tech 5-Panel hat keeps your head cool and comfortable on your warm-weather endeavors.",#218746,recycled nylon
REI Co-op   Active Pursuits T-Shirt - Women's,REI Co-op,29.95,"Part of the fun of hiking and trail running is the uphill battle. Get your mind open and body prepped for the work with the wicking, quick-drying REI Co-op Active Pursuits women's T-shirt.",#222368,92% polyester/8% spandex (bluesign approved)
Arc'teryx   Taema Hoody - Women's,Arc'teryx,44.83,"Shield yourself from the fierce summer sun in the women's Arc'teryx Taema Hoody. It's an airy, moisture-wicking layer for hikers, climbers and anyone seeking mountain adventure and freedom to move.",#203232,phasic lt polyester
Salomon   X Ultra 5 GORE-TEX Low Hiking Shoes - Women's,Salomon,170.0,"Lightweight yet stable, the women's Salomon X Ultra 5 GORE-TEX Low hiking shoes feel agile while offering confident traction, making them as good at charging up hills as they are at tackling descents.",#245052,gore-tex
Oboz   Bridger Mid Waterproof Hiking Boots - Women's,Oboz,200.0,"Pairing classic style with modern tech, these Oboz waterproof hiking boots offer the best of both worlds. All-leather uppers are waterproof and breathable, and the deep lugs give serious grip.",#857721,b-dry waterproof/breathable membrane; waterproof nubuck leather/rubber toe cap and heel counter; nylon mesh
adidas   Terrex Free Hiker GORE-TEX 2.0 Hiking Shoes - Women's,adidas,109.83,"Providing lightweight comfort, waterproofing and support to extend your range on the trails, the women's adidas Terrex Free Hiker GORE-TEX 2.0 hiking shoes keep you moving outside, rain or shine.",#235553,gore-tex waterproof/breathable membrane; synthetic/textile
Merrell   Moab Speed 2 GORE-TEX Hiking Shoes - Women's,Merrell,126.73,Get out on the trails in wet weather. These Merrell hiking shoes have waterproof GORE-TEX membranes to keep your feet dry on rainy days. A full length rock plate helps you navigate rugged terrain.,#C04513,"gore-tex waterproof membrane; nylon ripstop/tpu; 100% recycled mesh

"
KEEN   Hightrail Waterproof Hiking Shoes - Men's,Keen,145.0,Rugged and supportive meets fast and light. The men's KEEN Hightrail Waterproof hiking shoes have an athletic feel while still providing plenty of traction and durability to take on any trail.,#246733,"keen.dry waterproof/breathable membrane

"
The North Face   Hedgehog 3 Waterproof Hiking Shoes - Men's,The North Face,135.0,"Offering more underfoot cushioning, a rugged design and waterproof membranes, the men's The North Face Hedgehog 3 Waterproof hiking shoes are great for everything from short strolls to all-day hikes.",#223776,dryvent waterproof/breathable membrane; leather/synthetic leather/ripstop/spacer mesh
On   Cloudhorizon Waterproof Hiking Shoes - Women's,On,200.0,Rain shouldn't cancel your hike. Lace up the women's On Cloudhorizon Waterproof hiking shoes and go exploring—their waterproof protection and lightweight cushioning will keep you comfy in wet weather.,#228335,recycled polyester
Counter Assault   Bear Deterrent Spray - 8.1 fl. oz.,Counter Assault,49.95,"Offering an optimal combination of spray time and distance, the Counter Assault Bear Deterrent pepper spray deploys a high-volume, atomized blast of concentrated spray to deter a bear attack.",#154930,2% capsaicin and related capsaicinoids
On   Cloudrock Mid Waterproof Hiking Boots - Men's,On,240.0,"Stay light and quick on your feet on day hikes in these waterproof boots from On. They're cushioned, comfortable and agile. An updated construction prevents pressure points for a snug and comfy fit.",#242761,"cosmo waterproof membrane; 100% recycled polyester
"
On   Cloudrock Low Waterproof Hiking Shoes - Men's,On,200.0,"Ideal for hikers who pack light and want to move fast on mountainous terrain, the men's On Cloudrock Low Waterproof hiking shoes are cushioned, comfortable and lightweight to keep you feeling agile.",#242762,"cosmo waterproof membrane; 100% recycled polyester
"
Columbia   Newton Peak Waterproof Hiking Boots - Women's,Columbia,100.0,"Don't let wet weather cancel your hike. With these waterproof Columbia hiking boots, you can get out rain or shine. Omni-Max™ tech underfoot offers lightweight performance, stability and support.",#248462,"omni-tech; suede

"
Columbia   Global Adventure Bucket Hat - Women's,Columbia,16.83,"A stylish lid that's perfect for travel, the women's Columbia Global Adventure bucket hat is easy to pack—simply roll it up and tuck it away in your purse, pack or luggage.",#242583,58% paper/25% polyester/17% polyethylene
Altra   Lone Peak 9 Waterproof Mid Hiking Boots - Men's,Altra,190.0,"Whether you're thru-hiking or day trekking, the men's Altra Lone Peak 9 Waterproof Mid hiking boots will help you get to your destination. They have a lightweight feel, ankle support and protection.",#242776,waterproof bootie construction; recycled polyester mesh; altra ego foam
Ben's   Spray Pump Insect Repellent - 30 Percent DEET - 1.25 fl. oz,Ben's,5.95,"Ben's 30% DEET insect repellent provides up to 6 hrs. of protection against mosquitoes, ticks, flies, chiggers, fleas and no-see-ums.",#800705,deet (30%)
Salomon   X Ultra 5 Mid GORE-TEX Hiking Boots - Men's,Salomon,185.0,"Equally comfortable for charging up hills and tackling descents, the men's Salomon X Ultra 5 Mid GORE-TEX hiking boots offer dependable, confidence-boosting traction, so you can explore more trails.",#245046,gore-tex; synthetic/textile
KEEN   Headout Waterproof Hiking Shoes - Men's,Keen,100.73,These everyday hikers from KEEN have go-anywhere versatility. Waterproof membranes help keep your feet dry in any weather. And suede uppers take you from trail to town with ease.,#C05004,keen.dry waterproof/breathable membrane; waterproof leather; performance mesh
REI Co-op   Multi Towel Mini,REI Co-op,9.95,Debating whether to tote a small towel on your next hike or backpacking trip? The REI Co-op Multi Towel Mini weighs less than an ounce and saves room in your pack with its compact size.,#247514,70% recycled polyester/15% polyester/15% nylon
Salomon   X Ultra 5 Mid GORE-TEX Hiking Boots - Women's,Salomon,185.0,"Equally comfortable for charging up hills and tackling descents, the women's Salomon X Ultra 5 Mid GORE-TEX hiking boots offer dependable, confidence-boosting traction, so you can explore more trails.",#245050,gore-tex
REI Co-op   Trailmade Trekking Poles - Pair,REI Co-op,79.95,Bring extra stability on your next hike. The easily adjustable REI Co-op Trailmade trekking poles put more support on the ground for extra balance on uneven terrain.,#216314,7065 aluminum
Merrell   Moab 3 Mid Waterproof Hiking Boots - Women's,Merrell,170.0,"Step into the outdoors with confidence and out-of-the-box comfort in the women's Merrell Moab 3 Mid Waterproof hiking boots. This generation is even softer, grippier and more supportive than before.",#237486,merrell dry waterproof membrane; pig suede leather/mesh
Merrell   Speed Eco Mid Waterproof Hiking Boots - Women's,Merrell,104.73,Keep your feet comfy and capable on the trail with these waterproof Merrell hiking boots. Recycled materials set these apart from other footwear in the Merrell lineup.,#C00944,merrell dry waterproof membrane; jacquard knit (82% recycled); 100% recycled mesh; rubber (30% recycled)
Merrell   Moab 3 Mid Hiking Boots - Women's,Merrell,96.73,"Durable, versatile and comfortable right out of the box, the women's Merrell Moab 3 Mid hiking boots have more supportive insoles and more cushioned midsoles than the previous generation.",#251841,pigskin suede leather/breathable mesh; recycled mesh
humangear   GoPee Stand-to-Pee Device,humangear,15.95,"Make backcountry bathroom breaks a breeze with the humangear GoPee Stand-to-Pee Device. It quickly converts from a pocket-size rectangle to a sleek, angled funnel with just a few snaps.",#232589,polypropylene
REI Co-op   Flash 22 Pack,REI Co-op,59.95,"Lean, clean and well appointed, the REI Co-op Flash 22 pack is the perfect size for day hikes and done-in-a-day summits. It features a removable sit pad for enjoying those well-earned vistas.",#227953,70-denier recycled ripstop nylon with polyurethane coating (bluesign approved)
Whistles for LIFE   Tri-Power Whistle,Whistles for LIFE,8.95,This Tri-Power Whistle is an essential piece of safety equipment to have on you during outdoor activities.,#100521,abs plastic
HART Outdoor   Day Hike First-Aid Kit,HART Outdoor,15.95,"Be prepared for the typical needs of 2 people on a short day trip with the compact HART Outdoor Day Hike first-aid kit. Clear compartments keep medical supplies organized, visible and easy to access.",#132219,polyester/peva
Timberland   GreenStride Motion6 Sneakers - Men's,Timberland,96.73,Step into comfort with these Timberland sneakers. They're made with a blend of leather and ReBOTL™ fabric. And they have comfy midsoles made with renewable resources.,#C04663,premium timberland leather and rebotl fabric; rebotl fabric; rubber
Asolo   Eldo GV Approach Shoes - Men's,Asolo,141.73,"Head to the mountains, the crag or your local park. These Asolo men's approach shoes provide protection and support on days when you'll be spending some time on your feet.",#C03869,polyester; molded eva foam
KEEN   Versacore Speed Shoes - Women's,Keen,97.73,Need shoes that can do everything you want to do outside? Here they are. These KEEN all-around athletic hikers can easily go from an outside workout to a day on the trail.,#C03746,performance mesh
La Sportiva   TX4 EVO Mid GTX Approach Boots - Women's,La Sportiva,239.0,"Whether the trail is the objective or just the first step to reach your climb, the women's waterproof La Sportiva TX4 EVO Mid GTX approach boots are built to navigate the technical terrain.",#229699,"nubuck leather; cushioned tongue with recycled fabric; recycled rubber rand/toe cap; mythos lacing system with recycled laces/hooks; fabric forefoot wrap; traverse injection memlex with co-molded tpu shank and 7% recycled eva; ess resole platform; vibram megagrip rubber with impact brake system, climbing zone platform and 3 mm lugs; recycled air mesh heel; bluesign-certified epe gore-tex extended comfort

"
Asolo   Eldo LTH GV Approach Shoes - Men's,Asolo,200.0,"Whether you're heading to the mountains, crag or your local park, the men's Asolo Eldo LTH GV approach shoes provide protection and support for days when you'll be spending some time on your feet.",#237875,water-resistant suede; molded eva foam; vibram megagrip rubber; gore-tex waterproof/breathable membrane
Asolo   Eldo Mid LTH GV Approach Boots - Men's,Asolo,210.0,"Ideal for technical approaches, day hikes or weekend overnights, the Asolo Eldo Mid LTH GV men's approach boots balance waterproof protection, lightweight comfort and all-terrain traction.",#237631,water-resistant suede; molded eva foam; vibram megagrip rubber; gore-tex waterproof/breathable membrane
AKU   Rock DFS II GTX Approach Shoes - Men's,Aku,200.0,"Designed with the AKU-exclusive Dual Fit System, the men's AKU Rock DFS II GTX Approach Shoes deliver both maximum comfort during your approach and a high-performance fit while climbing or scrambling.",#246561,leather/synthetic microfiber
The North Face   Hedgehog 3 Mid Waterproof Boots - Women's,The North Face,108.73,"An update to a classic, these women's boots from The North Face offer more cushioning underfoot. They have a rugged design and a waterproof DryVent™ membrane, which make them perfect for hiking.",#C05268,leather/synthetic leather/durable ripstop/spacer mesh; dryvent waterproof membrane; eva
La Sportiva   TX Guide Leather Approach Shoes - Women's,La Sportiva,97.73,"Speed and comfort marry durability and stability in La Sportiva TX Guide Leather approach shoes for women. They can travel on nearly any terrain whether you're climbing, running, hiking or walking.",#239259,nubuck/rough-out leather; heel and toe caps: polyurethane tech-lite
Arc'teryx   Konseal Approach Shoes - Women's,Arc'teryx,190.0,"Rugged trails or 4th-class climbing, these Arc'teryx approach shoes are up for it. The outsoles can smear up slabs and descend softer ground. Carbon-fiber midsole shanks add stability.",#249771,nubuck leather; compressed eva
Scarpa   Rapid LT Approach Shoes - Women's,Scarpa,169.0,"Trail-ready and approach-capable, the Scarpa Rapid LT women's shoes combine the friction of Vibram® Megagrip soles withe the lightweight, breathable support of knit uppers with full-perimeter rands.",#246018,polyester mesh; tpu overlays
La Sportiva   TX4 EVO Mid GTX Approach Boots - Men's,La Sportiva,239.0,"Whether the trail is the objective or just the first step to reach your climb, the men's La Sportiva TX4 EVO Mid GTX waterproof approach boots are built to navigate the technical terrain.",#229697,"nubuck leather; cushioned tongue with recycled fabric; recycled rubber rand/toe cap; mythos lacing system with recycled laces/hooks; fabric forefoot wrap; traverse injection memlex with co-molded tpu shank and 7% recycled eva; ess resole platform; vibram megagrip rubber with impact brake system, climbing zone platform and 3 mm lugs; recycled air mesh heel; bluesign-certified epe gore-tex extended comfort

"
La Sportiva   TX Guide Approach Shoes - Women's,La Sportiva,199.0,"Built to move fast and light on vertical terrain, the women's La Sportiva TX Guide approach shoes draw inspiration from speedy trail runners and techy rock shoes for support, comfort and grip.",#165425,"ultra-weave jacquard textile/thermoplastic polyurethane reinforcements

"
KEEN   Revel IV High Polar Boots - Men's,Keen,210.0,"Don't let wild weather keep you indoors. Your feet will love the warmth and waterproof protection of the men's KEEN Revel IV High Polar boots, rated to -40°F for comfort in extreme cold.",#179279,keen.dry waterproof breathable membrane
Timberland   Motion Access Low Lace-Up Sneakers - Women's,Timberland,89.73,Make your way from city to trail in these Timberland Motion Access sneakers. They feature a supportive TimberCush™ comfort system and TimberGrip™ lug outsoles. And they are made with recycled fabric.,#C04667,rebotl fabric
Salewa   Wildfire Edge Approach Shoes - Men's,Salewa,125.73,"Switch between hiking and climbing modes to tackle any terrain in these technical approach shoes from Salewa. They provide a precise yet flexible fit, good support and aggressive grip.",#255394,exa shell over-injected 3d cage; 1.6 mm suede leather
La Sportiva   Prodigio Hike GTX Hiking Shoes - Men's,La Sportiva,199.0,"Designed for hikers who want to move efficiently across rugged trails and mountain terrain, the men's La Sportiva Prodigio Hike GTX shoes are your ticket to exploring new trails.",#245849,bluesign-certified epe gore-tex extended comfort membrane
Cotopaxi   Subo Pants - Men's,Cotopaxi,44.83,"Lightweight and movement-friendly, the Cotopaxi Subo men's pants are constructed from a sun-protective, water-resistant fabric to help you climb higher no matter your pursuit.",#209430,90% recycled nylon/10% spandex
Danner   Panorama Waterproof Low Hiking Shoes - Men's,Danner,149.95,"You're packed up—now lace up the dependable Danner Panorama Waterproof Low hiking shoes and go. Designed to take you farther, these men's hiking shoes are comfortable and stable for trail adventures.",#239546,danner dry 2-layer waterproof/breathable laminate
Carolina Mfg.   Tie Dye Bandana,Carolina Mfg.,6.0,The Carolina Mfg. Tie Dye bandana features bright color combinations to add pizzazz to your hiking wardrobe.,#805568,cotton
Outdoor Research   Insect Shield Brim Hat,Outdoor Research,26.83,Fend off insects and stay shaded from the sun with the Insect Shield Brim Hat from Outdoor Research. It's treated with Insect Shield® and provides UPF 40 protection.,#794186,60% recycled nylon/40% bluesign® approved nylon
REI Co-op   Stormhenge 850 Down Hybrid Jacket - Men's,REI Co-op,279.0,Wish your favorite puffy was waterproof? Wish granted. The men's REI Co-op Stormhenge 850 Down Hybrid jacket combines goose down and recycled insulation in a HydroWall™ waterproof/breathable shell.,#234790,"94% recycled ripstop nylon/3% nylon/3% polyester (bluesign approved); hood, shoulders, lower body, cuffs: recycled nylon with polyurethane coating (bluesign approved)"
Vuori   Meta Pants Athletic Slim - Men's,Vuori,101.93,The men's Vuori Meta Athletic Slim pants let you get away with wearing super comfortable pants to work—then take them on adventures on your days off.,#135816,polyester
Cotopaxi   Teca Fleece Headband,Cotopaxi,20.0,"When the chilly weather rolls in, reach for the Cotopaxi Teca Fleece headband to keep your ears warm. This cozy and colorful headband is great for everything from autumn hikes to snow day outings.",#211161,recycled polyester fleece
REI Co-op   Flash Merino Wool Lightweight Quarter Socks,REI Co-op,17.95,"The REI Co-op Flash Merino Wool Lightweight quarter socks are our most popular summer-weight hiking socks for good reason—they're naturally breathable, sweat wicking, quick drying and odor resistant.",#210626,45% merino wool/44% nylon/8% polyester/3% spandex
Carolina Mfg.   Tie Dye Bandana,Carolina Mfg.,6.0,The Carolina Mfg. Tie Dye bandana features bright color combinations to add pizzazz to your hiking wardrobe.,#805568,cotton
Fjallraven   Vidda Pro Ventilated Trousers - Men's,Fjallraven,180.0,"Beloved fan favorites, these Fjallraven Vidda Pro Ventilated trousers have been updated with improved ventilation and a slimmer fit that doesn't sacrifice the mobility your trekking ventures require.",#229159,g-1000: 65% recycled polyester/35% organic cotton
KUHL   Renegade Rock Pants - Men's,KUHL,99.0,"Designed with climbers in mind, the KUHL Renegade Rock pants feature a tapered fit and durable soft-shell fabric made for long days on the approach and at the crag.",#228202,95% nylon/5% spandex
Cotopaxi   Subo Pants - Men's,Cotopaxi,44.83,"Lightweight and movement-friendly, the Cotopaxi Subo men's pants are constructed from a sun-protective, water-resistant fabric to help you climb higher no matter your pursuit.",#209430,90% recycled nylon/10% spandex
REI Co-op   Rainier Rain Pants - Men's,REI Co-op,99.95,"If you don't like the weather on the trail, wait 5 minutes. Or pull on the waterproof, breathable REI Co-op men's Rainier rain pants for protection for when the dark clouds don't pass.",#227731,100% recycled ripstop nylon (bluesign approved)
Patagonia   Capilene Cool Daily Shirt - Men's,Patagonia,45.0,"Work out and go out, all in the same clothing. The men's Patagonia Capilene Cool Daily shirt provides comfort for running, climbing or just hanging out with your friends.",#143349,solids: recycled polyester jersey; heathers and cross-dyes: 50% polyester/50% recycled polyester jersey
Free Country   Nylon Stretch Belted Pants - Men's,Free Country,59.73,"Whether your trek is on wooded trails or just down the block, these men's Free Country pants are ready for any activity, with plenty of pocket space for your on-the-go essentials.",#245716,94% nylon/6% spandex
REI Co-op   Activator Pants - Men's,REI Co-op,99.95,What's your perfect pair of trail pants? Wind-resistant and water-repellent? Breathable and stretchy? Plenty of secure pockets? That's the men's REI Co-op Activator soft-shell pants!,#234906,63% nylon/26% polyester/11% spandex (bluesign approved)
Arc'teryx   Beta SL Jacket - Men's,Arc'teryx,500.0,"Made for alpine adventures, this Arc'teryx shell has GORE-TEX for waterproof, windproof protection. Pit zips provide venting. It also has a built-in RECCO® reflector. A trim fit allows easy layering.",#235112,"3l 40-denier x 70-denier gore-tex epe with c-knit backer technology, plain weave recycled nylon, jet dyed, fc0 durable water repellent (dwr)"
Smartwool   Hike Classic Edition Light Cushion Second Cut Crew Socks,Smartwool,21.0,"An iconic pair, these Smartwool merino socks were reimagined to reduce waste and enhance durability and comfort. They're made to feel good on trail days.",#243850,33% merino wool/33% unknown fiber content mixed fibers/33% nylon/1% elastane
Patagonia   Capilene Cool Daily Graphic T-Shirt  - Men's,Patagonia,55.0,"Soft, quick-drying and stretchy, the men's Patagonia Capilene Cool Daily Graphic T-shirt offers versatile performance and comfort for whatever you've got planned.",#143348,solids: 3.7 oz. recycled polyester jersey; heathers and cross-dyes: 4.1 oz. polyester (50% recycled) jersey
REI Co-op   650 Down Hoodie - Men's,REI Co-op,149.0,"Bundle up for a crisp air, chilly walks and crunchy leaves in the REI Co-op men's 650 Down hoodie. This everyday hoodie boasts recycled materials and a windproof shell to keep you warm in wild winds.",#221638,recycled ripstop nylon (bluesign approved)
Arc'teryx   Atom Insulated Vest - Men's,Arc'teryx,200.0,Looking for warmth with a smaller footprint for chilly hikes or climbs? Pull on the men's Arc'teryx Atom insulated vest. It also works well layered under a shell for touring and wet winter objectives.,#242921,"recycled 20-denier nylon plain weave weft stretch fc0 durable water repellent (dwr), 58 g/m2"
Smartwool   Hike Classic Edition Full Cushion Over The Calf Socks,Smartwool,20.73,"Set your feet up for a great day on the trails with the Smartwool Hike Classic Edition Full Cushion Over The Calf Socks. With max padding and flat-knit toe seams, they're made for comfortable hiking.",#254301,71% merino wool/20% recycled nylon*/8% nylon/1% elastane (*specific percentage of recycled nylon will vary)
REI Co-op   XeroCloud 3L Rain Jacket - Men's,REI Co-op,189.0,"Meet the most technical REI Co-op backpacking shell yet: our XeroCloud 3L men's rain jacket. It provides 3-layer waterproof protection—and it has stretchy fabric, pit zips and a packable pocket.",#242158,72% recycled nylon/28% recycled polyester (bluesign approved) with jersey backer
Sunday Afternoons   Ultra Adventure Hat,Sunday Afternoons,50.0,"Hear that? It's the call of the wild. With the Sunday Afternoons Ultra Adventure Hat, you can bring your own shade with you wherever your adventures lead.",#894435,88% nylon/12% polyester
KUHL   Klash Pants - Men's,KUHL,139.0,"Designed for year-round performance, the men's KUHL Klash pants have added abrasion resistance and a durable water repellent (DWR) finish to hold up to a multitude of activities.",#228278,72% nylon/20% polyester/8% spandex
Smartwool   Performance Hike Light Cushion Panorama Crew Socks - Men's,Smartwool,25.0,"With the comfort, durability and body-mapped breathability of the men's Smartwool Performance Hike Light Cushion Panorama crew socks, you'll feel light as air reaching those summit views.",#230206,54% merino wool/37% recycled nylon/6% nylon/3% elastane
Smartwool   Performance Hike Targeted Cushion Ankle Socks - Men's,Smartwool,21.0,"Support your feet through all types of terrain in the men's Smartwool Performance Hike Targeted Cushion ankle socks. Breathable, durable and comfortable, they'll keep your feet happy on the trails.",#237033,55% merino wool/36% recycled nylon/6% nylon/3% elastane
Smartwool   Performance Hike Light Cushion Ankle Socks - Men's,Smartwool,22.0,"Perfect fit. Powerful durability. That's what you get when you put on the Smartwool Performance Hike Light Cushion ankle socks, which help you push any summit or enjoy any trail in total comfort.",#189311,56% merino wool/31% recycled nylon/11% nylon/2% elastane
Arc'teryx   Beta Jacket - Men's,Arc'teryx,400.0,"Made with a GORE-TEX membrane that's light and strong, the men's Arc'teryx Beta Jacket delivers reliable waterproof, windproof, breathable protection to help you weather stormy days.",#228617,"3-layer 80-denier gore-tex expanded polyethylene (epe) with c-knit backer technology, plain weave recycled nylon, beam dyed, fc0 dwr"
KUHL   Deceptr Pants - Men's,KUHL,99.0,"After-work hike on your mind? The men's KUHL Deceptr pants combine modern, office-ready style with rugged, water-resistant fabric that's up for the toughest trails.",#227969,76% nylon/15% elastane/9% polyester
prAna   Organic Headband,prAna,11.73,"Enjoying the outdoors is even better when your hair is not in your face. Tromp the trails distraction-free wearing this prAna Organic headband, made of organically grown cotton with a bit of stretch.",#211059,94% organically grown cotton/6% elastane
Black Diamond   Deploy Wind Hood Gloves,Black Diamond,59.95,"Train year-round without numb fingers in these Black Diamond gloves. They're made from soft, wicking fleece and have easily deployable hoods to shield your hands from wind and rain.",#250291,polyester with mapped silicone; body: 88% recycled polyester/12% elastane; hood: 100% nylon
Columbia   Flare Gun Heavyweight Flannel Shirt - Men's,Columbia,80.0,"A warm, winter-weight flannel, this Columbia shirt is perfect for campfire hangouts and forest hikes alike. Toss it on any time you want a little extra warmth without the bulk of a jacket.",#250767,84% polyester/14% rayon/2% elastane
Cotopaxi   Sumaco Shirt - Men's,Cotopaxi,41.83,"From local trails to thousand-mile thru-hikes, the men's Cotopaxi Sumaco shirt delivers built-in sun protection and vented breathability in a breezy, comfortable fit.",#230713,102 g 93% recycled nylon/7% spandex
Buff   CoolNet UV+ Multifunctional Headband,Buff,19.0,"Stay outside longer with the Buff CoolNet UV+ Multifunctional headband. Made from recycled fabric with moisture-management and sun-protective tech, it lifts sweat away from your skin to keep you dry.",#146020,95% repreve® polyester/5% elastane
Saxx   DropTemp All Day Cooling Hoodie - Men's,Saxx,34.83,"Thanks to its evaporative cooling tech, the men's Saxx DropTemp All Day Cooling hoodie is a go-to layer to keep cool under the hot sun—whether you're boating, boarding or staying on the beach.",#230293,44% polyester/43% recycled polyester/13% elastane
Snow Peak   Dry Thermal Long-Sleeve T-Shirt,Snow Peak,84.95,"Quick-drying for active adventures, this Snow Peak long-sleeve shirt is smooth on the inside for a soft feel on your skin. The outer waffle texture enhances moisture control.",#C02655,100% recycled polyester
Columbia   Windward II Shirt Jacket - Men's,Columbia,110.0,"A go-to top you'll reach for year after year, this Columbia shirt jacket has a cozy fleece lining. It delivers the look of a classic button-up with the comfort of a soft fleece.",#250769,100% polyester fleece
Columbia   Pike Lake Novelty Insulated Jacket - Men's,Columbia,150.0,This Columbia jacket is built for big-time warmth. It combines synthetic insulation and heat-reflective tech. Adjustable features help seal out the cold. And it's water-repellent.,#251385,100% nylon
Outdoor Research   Argon T-Shirt - Men's,Outdoor Research,39.73,"A technical first layer composed mostly of recycled polyester, this Outdoor Research Argon shirt uses AirVent moisture management to keep you cool, dry and stink-free while hiking and back at camp.",#210271,83% recycled polyester/11% polyester/6% spandex
Mountain Equipment   Lumiko Zip-T Pullover Shirt - Men's,Mountain Equipment,99.95,"When you work up a sweat on a lung-burning approach, you need a lightweight layer that dries quickly. Cue the men's Mountain Equipment Lumiko Zip-T pullover with its close fit and performance fleece.",#225107,93% recycled polyester/7% elastane
Columbia   Silver Leaf Lite Hooded Insulated Jacket - Men's,Columbia,200.0,Don't let cold weather get in the way of getting out on the trail. This Columbia jacket has advanced rain- and stain-repellency and hybrid stretch fabric. Omni-Heat™ insulation holds in warmth.,#251383,82% nylon/18% elastane
Fjallraven   Abisko Hybrid Trail Shorts - Men's,Fjallraven,125.0,"Designed for trekking, the men's Fjallraven Abisko Hybrid Trail shorts give you excellent freedom of movement to keep you comfortable whether you're strolling or scrambling down the trail.",#247859,front: g-1000 lite stretch: 52% recycled polyester/35% organic cotton; back: 88% recycled polyamide/13% polyester (t400)/12% elastane
Columbia   Landroamer Quilted Shirt Jacket - Men's,Columbia,110.0,"Warm and comfortable, this quilted Columbia shirt jacket is one you can wear on and off the trail. It's made from soft yet durable 100% cotton and has hand pockets for added utility.",#238036,100% cotton; 100% nylon 210t taffeta
Columbia   Sweater Weather Quarter Snap Pullover - Men's,Columbia,90.0,"When the forecast is for chilly weather, layer up with this Columbia pullover. It's cut from smooth, knit fabric that's soft and cozy on the interior. A quarter-length snap closure lets you vent heat.",#250990,100% polyester sweater-face fleece
Arms of Andes   160 Ultralight Alpaca Wool Base Layer Leggings - Men's,Arms of Andes,95.0,"Made for all-day comfort, these Arms of Andes base layer leggings are lightweight and breathable. Soft alpaca wool wicks away sweat during long hikes or hard workouts.",#253475,100% alpaca wool
prAna   Encinitas Reversible Insulated Vest - Men's,prAna,144.0,Stay outside longer with this insulated prAna reversible vest. It keeps you warm after the sun sets with its recycled polyester insulation. And it gives you 2 looks to choose from.,#C01386,100% recycled nylon
Columbia   Summit Valley Woven Long-Sleeve Shirt - Men's,Columbia,55.93,"A versatile piece for town, trail and travel, the men's Columbia Summit Valley Woven Long-Sleeve shirt has built-in sun protection and sweat-wicking technology for wherever your days goes.",#249366,86% polyester/14% elastane
Columbia   Pike Lake II Hooded Insulated Jacket - Men's,Columbia,160.0,"With wide baffles, this Columbia puffer battles low temps and wet weather. Synthetic insulation and heat reflectivity keep you warm. A durable water repellent (DWR) coating resists the damp.",#251384,100% recycled polyester
Outdoor Research   Headwall GORE-TEX 3L Rain Pants - Men's,Outdoor Research,399.0,"A premium layer for alpine adventures, the men's Outdoor Research Headwall GORE-TEX 3L rain pants feature waterproof/breathable protection from the elements and full-length side zips for easy on/off.",#236456,"bluesign approved gore-tex 3-layer, 100% recycled polyester 75-denier shell (bluesign approved); scuff guard: 85% nylon/15% kevlar"
Black Diamond   First Light Hybrid Insulated Hoodie - Men's,Black Diamond,171.73,"The men's Black Diamond First Light Hybrid insulated hoodie offers warmth, breathability and freedom of motion through predawn starts, headlamp descents and everything in-between.",#174903,93% nylon/7% elastane
Mammut   Selun FL Sun Hoodie - Men's,Mammut,66.73,"Cover all your outdoor bases with the men's Mammut Selun FL Sun hoodie. Quick-drying sun-protective fabric, a relaxed fit and offset seams combine to deliver comfort and performance in equal measure.",#236316,92% polyester/8% spandex
Snow Peak   Dry Thermal T-Shirt,Snow Peak,74.95,"Quick-drying and wicking for active adventures, this Snow Peak T-shirt is smooth on the inside for a soft feel on your skin. The outer waffle texture enhances moisture control.",#C02654,100% recycled polyester
Columbia   Mountaindale Shirt - Men's,Columbia,33.73,"Water and stain-repellent, this Columbia short-sleeve shirt is great for town, trail or travel. The moisture-wicking fabric keeps you cool when the day heats up. Two chest pockets can hold essentials.",#C02093,100% textured poplin nylon
KUHL   Dissipatr Air Pants - Men's,KUHL,58.83,"Ultralightweight and highly durable, the adventure-ready men's KUHL Dissipatr Air pants keep you cool and comfortable when temperatures rise while you're hiking up the trail.",#243296,88% recycled nylon/12% elastane
Columbia   Sequoia Grove Full-Zip Fleece Jacket - Kids',Columbia,39.93,"Soft, warm and sustainable, the kids' Columbia Sequoia Grove Full-Zip fleece jacket is made with extra-cozy recycled fleece, for a layer they'll love tossing on any time there's a chill in the air.",#234829,100% recycled polyester
Darn Tough   Light Hiker Micro Crew Socks - Kids',Darn Tough,20.0,"These trail-ready kids' Darn Tough Light Hiker Micro Crew socks are redesigned with increased breathability, smooth ribbing, uppers that stay put and extended cushioning over the Achilles tendons.",#154493,54% nylon/43% merino wool/3% lycra spandex
Darn Tough   Sal Lightweight Micro Crew Cushion Socks - Kids',Darn Tough,20.0,"Spun from a merino wool blend for young nature lovers, the Darn Tough Sal Lightweight Micro Crew Cushion socks for kids will keep their feet warm, comfortable and blister-free for happier trail days.",#229780,50% nylon/47% merino wool/3% lycra spandex
Columbia   Arcadia II Jacket - Girls',Columbia,55.0,"A must-have for rainy weekend hikes and drizzly school commutes, the girls' Columbia Arcadia II jacket offers waterproof coverage with full seam sealing and a soft mesh lining for comfort on the go.",#234832,100% nylon
Columbia   Steens Mt II Fleece Jacket - Boys',Columbia,31.49,"Made from 250g MTR™ fleece, the all-season Columbia Steens Mt II fleece jacket is as rugged, warm and durable as it is soft. It works well on its own and also layers easily under a shell jacket.",#112116,polyester fleece
Darn Tough   Van Wild Socks - Kids',Darn Tough,20.0,"Ready to hit the trails or head out on everyday journeys, the kids' Darn Tough Van Wild socks keep your little one's feet comfy wherever they play, hike and explore.",#205963,49% nylon/46% merino wool/5% lycra spandex
REI Co-op   Sahara Shade Hoodie - Kids',REI Co-op,39.95,"On the trail or on the water, the kids' REI Co-op Sahara Shade hoodie provides comfort under the sun—with the same UPF 50+ performance fabric we use in our Sahara Shade clothing for grown-ups.",#242379,92% polyester/8% spandex (bluesign approved)
Columbia   Watertight II Jacket - Boys',Columbia,55.0,"Offering waterproof coverage, full seam sealing and a soft mesh lining for comfort on the go, the boys' Columbia Watertight II jacket is a must-have for rainy weekends and drizzly school commutes.",#234831,100% nylon
The North Face   On The Trail Pants - Boys',The North Face,55.0,"Keep your kids exploring in comfort with these The North Face pants. They're made with materials that wick moisture, and they have a water-repellent finish.",#251300,136 g/m2 100% recycled polyester with flashdry and non-pfc durable water repellent (dwr) finish
REI Co-op   Trailmade Fleece Jacket - Kids',REI Co-op,49.95,"On cold days, keep your young hiker or camper cozy beneath their shell jacket with the kids' REI Co-op Trailmade fleece jacket. This grab-and-go for warmth is made with 100% recycled polyester.",#249839,100% recycled polyester fleece
REI Co-op   Active Pursuits Tech Pants - Kids',REI Co-op,49.95,"Kids just want to have fun! Outfit them for movement in the REI Co-op Active Pursuits Tech pants, which are made with a soft, stretchy UPF 50+ fabric that's both breathable and water-repellent.",#242849,94% nylon/6% spandex (bluesign approved)
REI Co-op   Sahara Convertible Pants - Kids',REI Co-op,59.95,"When the trail steepens and the day warms up, the kids' REI Co-op Sahara convertible pants deal with it quickly and easily. Color-coded zippers provide an instant transition from pants to shorts!",#242849,96% recycled nylon/4% spandex (bluesign approved)
REI Co-op   Trailmade Fleece Pants - Kids',REI Co-op,44.95,"Keep your little hiker warm with these kids' REI Co-op Trailmade fleece pants. Their classic, easy fit means they can be worn as a standalone layer or under rain pants.",#249843,100% recycled polyester fleece
REI Co-op   Reversible 650 Down Jacket - Infants'/Toddlers',REI Co-op,59.95,Keep your little one cozy on chilly days in the REI Co-op Reversible 650 Down jacket. This jacket packs double the fun with 2 wearing options for those wish-you-had-a-second-outfit days.,#222066,recycled polyester taffeta (bluesign approved)
REI Co-op   Trailmade Fleece Pants - Infants'/Toddlers',REI Co-op,24.95,"Keep your little adventure buddy warm with these REI Co-op Trailmade fleece pants. Their classic, easy fit means they can be worn as a standalone layer or layered under rain pants​ or a rainsuit.",#249843,100% recycled polyester fleece
Icebreaker   Hike Light Crew Macro Stripe Socks - Kids',Icebreaker,11.73,"Built for hiking, backpacking and other outdoor adventures, Icebreaker Hike Light Crew Macro Stripe kids' socks are made with merino wool and underfoot cushioning for total comfort.",#203555,53% merino wool/43% nylon/4% lycra spandex
REI Co-op   Merino Wool Midweight Crew Hiking Socks - Kids',REI Co-op,13.95,"Make the trail a happier place for your little hiker with the kids' REI Co-op Merino Wool midweight crew hiking socks. These gems are breathable, moisture wicking and naturally odor resistant.",#165402,39% merino wool/32% recycled polyester/28% nylon/1% lycra spandex
Columbia   Fast Trek III Fleece Gloves - Kids',Columbia,20.0,Put your young explorer on the fast trek to warmth with these Columbia fleece gloves. They are made with cozy microfleece and durable abrasion overlays. And they have tech-friendly fingers.,#249843,96% polyester/4% elastane; 100% polyester microfleece
Columbia   Tiny Bear Insulated Jacket - Toddlers',Columbia,55.0,"A pint-sized top for your adventure-ready kiddo, this Columbia jacket repels water to help them stay dry. Recycled insulation and a microfleece lining keep them warm in the cold.",#256126,100% polyester
Columbia   Trail Adventure II Rain Pants - Kids',Columbia,40.0,Keep them dry all hike long in these waterproof/breathable Columbia Trail Adventure II rain pants for kids. They have adjustable leg openings and an elastic waist for comfort on every adventure.,#234834,100% omni-tech plain weave 2l polyester
REI Co-op   Trailsmith Merino Wool Crew Socks - Kids',REI Co-op,13.95,Soft merino wool keeps little feet comfy and warm. These kids' REI Co-op socks are naturally breathable and odor-resistant for all-day comfort in any season.,#251824,55% merino wool/42% nylon/3% lycra spandex
Hot Chillys   Youth Wool Trail Socks - 4 Pairs - Kids',Hot Chillys,44.73,Warmth and comfort come in a 4-pack. The Hot Chillys Youth Wool Trail socks for kids provide an extra layer of insulation to keep their feet cozy and dry for all adventures.,#232963,72% merino wool/27% nylon/1% spandex
REI Co-op   Sahara Shade Hoodie - Toddlers',REI Co-op,29.95,"On the trail or on the water, the toddlers' REI Co-op Sahara Shade hoodie provides comfort under the sun—with the same UPF 50+ performance fabric we use in our Sahara Shade clothing for grown-ups.",#242380,92% polyester/8% spandex (bluesign approved)
Patagonia   Quandary Pants - Kids',Patagonia,65.0,"Give them freedom of movement on the trail or in the yard with the roomy fit of the Patagonia Quandary kids' pants. Rain or shine, they'll be covered in its water-resistant, sun-protective fabric.",#242380,95% nylon (65% recycled)/5% spandex
Smartwool   Classic Hike Full Cushion Margarita Crew Socks - Kids',Smartwool,18.0,"Is it a hike or a dance through the clouds? The kids' Smartwool Classic Hike Full Cushion Margarita Crew socks offer a zingy, fun pattern and full cushion for extra comfort and durability.",#202959,60% merino wool/31% nylon/7% recycled nylon/2% elastane
Darn Tough   Bubble Bunny Jr. Socks - Kids',Darn Tough,14.73,"They're easy for everyday wear but also ready to hit the trails. These kids' socks from Darn Tough keep your little one feeling comfy wherever they play, hike and explore.",#C02492,49% nylon/46% merino wool/5% lycra spandex
REI Co-op   650 Down Jacket - Kids',REI Co-op,89.95,"An all-season puffy for all-season kids: The REI Co-op kids' 650 Down Jacket is toasty, with recycled materials and a windproof shell to keep them cozy.",#221696,recycled polyester taffeta (bluesign approved)
Columbia   Benton Springs Fleece Jacket - Girls',Columbia,31.49,"When the weather gets blustery, grab the fleece she can always count on. The girls' Columbia Benton Springs fleece jacket wears well solo in chilly weather and fits under a shell in deep winter.",#177478,250 g mtr filament fleece
REI Co-op   Mountainmaker Pants - Kids',REI Co-op,59.95,"A comfortable fit and performance details—like sun protection and water resistance—make the kids' REI Co-op Mountainmaker pants a staple for outdoor play, family hikes or the hard work of being a kid.",#227657,94% nylon/6% spandex (bluesign approved)
REI Co-op   Sahara Shade Long-Sleeve T-Shirt - Kids',REI Co-op,20.93,They'll move like they're in a T-shirt but with full protection from the sun. The kids' REI Co-op Sahara Shade long-sleeve T-shirt is built for the trail with a tech-tee-like knit that wicks moisture.,#227657,92% polyester/8% spandex (bluesign approved)
